WORK_ZONE_NAME;ZIPCODE;PAIS;ESTATUS;WORK_ZONE_LABEL
COMARCA NGOBE BUGLE, KUSAPIN, C.P. 120707;120707;PA;active;PA120707
COMARCA NGOBE BUGLE, KUSAPIN, C.P. 120706;120706;PA;active;PA120706
COMARCA NGOBE BUGLE, KUSAPIN, C.P. 120705;120705;PA;active;PA120705
COMARCA NGOBE BUGLE, KUSAPIN, C.P. 120704;120704;PA;active;PA120704
COMARCA NGOBE BUGLE, KUSAPIN, C.P. 120703;120703;PA;active;PA120703
COMARCA NGOBE BUGLE, KUSAPIN, C.P. 120702;120702;PA;active;PA120702
COMARCA NGOBE BUGLE, KUSAPIN, C.P. 120701;120701;PA;active;PA120701
COMARCA NGOBE BUGLE, KANKINTU, C.P. 120608;120608;PA;active;PA120608
COMARCA NGOBE BUGLE, KANKINTU, C.P. 120607;120607;PA;active;PA120607
COMARCA NGOBE BUGLE, KANKINTU, C.P. 120606;120606;PA;active;PA120606
COMARCA NGOBE BUGLE, KANKINTU, C.P. 120605;120605;PA;active;PA120605
COMARCA NGOBE BUGLE, KANKINTU, C.P. 120604;120604;PA;active;PA120604
COMARCA NGOBE BUGLE, KANKINTU, C.P. 120603;120603;PA;active;PA120603
COMARCA NGOBE BUGLE, KANKINTU, C.P. 120602;120602;PA;active;PA120602
COMARCA NGOBE BUGLE, KANKINTU, C.P. 120601;120601;PA;active;PA120601
COMARCA NGOBE BUGLE, NURUM, C.P. 120509;120509;PA;active;PA120509
COMARCA NGOBE BUGLE, NURUM, C.P. 120508;120508;PA;active;PA120508
COMARCA NGOBE BUGLE, NURUM, C.P. 120507;120507;PA;active;PA120507
COMARCA NGOBE BUGLE, NURUM, C.P. 120506;120506;PA;active;PA120506
COMARCA NGOBE BUGLE, NURUM, C.P. 120505;120505;PA;active;PA120505
COMARCA NGOBE BUGLE, NURUM, C.P. 120504;120504;PA;active;PA120504
COMARCA NGOBE BUGLE, NURUM, C.P. 120503;120503;PA;active;PA120503
COMARCA NGOBE BUGLE, NURUM, C.P. 120502;120502;PA;active;PA120502
COMARCA NGOBE BUGLE, NURUM, C.P. 120501;120501;PA;active;PA120501
COMARCA NGOBE BUGLE, NOLE DUIMA, C.P. 120405;120405;PA;active;PA120405
COMARCA NGOBE BUGLE, NOLE DUIMA, C.P. 120404;120404;PA;active;PA120404
COMARCA NGOBE BUGLE, NOLE DUIMA, C.P. 120403;120403;PA;active;PA120403
COMARCA NGOBE BUGLE, NOLE DUIMA, C.P. 120402;120402;PA;active;PA120402
COMARCA NGOBE BUGLE, NOLE DUIMA, C.P. 120401;120401;PA;active;PA120401
COMARCA NGOBE BUGLE, MUNA, C.P. 120312;120312;PA;active;PA120312
COMARCA NGOBE BUGLE, MUNA, C.P. 120311;120311;PA;active;PA120311
COMARCA NGOBE BUGLE, MUNA, C.P. 120310;120310;PA;active;PA120310
COMARCA NGOBE BUGLE, MUNA, C.P. 120309;120309;PA;active;PA120309
COMARCA NGOBE BUGLE, MUNA, C.P. 120308;120308;PA;active;PA120308
COMARCA NGOBE BUGLE, MUNA, C.P. 120307;120307;PA;active;PA120307
COMARCA NGOBE BUGLE, MUNA, C.P. 120306;120306;PA;active;PA120306
COMARCA NGOBE BUGLE, MUNA, C.P. 120305;120305;PA;active;PA120305
COMARCA NGOBE BUGLE, MUNA, C.P. 120304;120304;PA;active;PA120304
COMARCA NGOBE BUGLE, MUNA, C.P. 120303;120303;PA;active;PA120303
COMARCA NGOBE BUGLE, MUNA, C.P. 120302;120302;PA;active;PA120302
COMARCA NGOBE BUGLE, MUNA, C.P. 120301;120301;PA;active;PA120301
COMARCA NGOBE BUGLE, MIRONO, C.P. 120208;120208;PA;active;PA120208
COMARCA NGOBE BUGLE, MIRONO, C.P. 120207;120207;PA;active;PA120207
COMARCA NGOBE BUGLE, MIRONO, C.P. 120206;120206;PA;active;PA120206
COMARCA NGOBE BUGLE, MIRONO, C.P. 120205;120205;PA;active;PA120205
COMARCA NGOBE BUGLE, MIRONO, C.P. 120204;120204;PA;active;PA120204
COMARCA NGOBE BUGLE, MIRONO, C.P. 120203;120203;PA;active;PA120203
COMARCA NGOBE BUGLE, MIRONO, C.P. 120202;120202;PA;active;PA120202
COMARCA NGOBE BUGLE, MIRONO, C.P. 120201;120201;PA;active;PA120201
COMARCA NGOBE BUGLE, BESIKO, C.P. 120108;120108;PA;active;PA120108
COMARCA NGOBE BUGLE, BESIKO, C.P. 120107;120107;PA;active;PA120107
COMARCA NGOBE BUGLE, BESIKO, C.P. 120106;120106;PA;active;PA120106
COMARCA NGOBE BUGLE, BESIKO, C.P. 120105;120105;PA;active;PA120105
COMARCA NGOBE BUGLE, BESIKO, C.P. 120104;120104;PA;active;PA120104
COMARCA NGOBE BUGLE, BESIKO, C.P. 120103;120103;PA;active;PA120103
COMARCA NGOBE BUGLE, BESIKO, C.P. 120102;120102;PA;active;PA120102
COMARCA NGOBE BUGLE, BESIKO, C.P. 120101;120101;PA;active;PA120101
COMARCA EMBERA, SAMBU, C.P. 110202;110202;PA;active;PA110202
COMARCA EMBERA, SAMBU, C.P. 110201;110201;PA;active;PA110201
COMARCA EMBERA, CEMACO, C.P. 110103;110103;PA;active;PA110103
COMARCA EMBERA, CEMACO, C.P. 110102;110102;PA;active;PA110102
COMARCA EMBERA, CEMACO, C.P. 110101;110101;PA;active;PA110101
COMARCA KUNA YALA, COMARCA KUNA YALA, C.P. 100104;100104;PA;active;PA100104
SANBLAS, COMARCA KUNA YALA, C.P. 100103;100103;PA;active;PA100103
VERAGUAS, MONTIJO, C.P. 091204;091204;PA;active;PA091204
VERAGUAS, MONTIJO, C.P. 091202;091202;PA;active;PA091202
VERAGUAS, MONTIJO, C.P. 091201;091201;PA;active;PA091201
VERAGUAS, SONA, C.P. 091110;091110;PA;active;PA091110
VERAGUAS, SONA, C.P. 091109;091109;PA;active;PA091109
VERAGUAS, SONA, C.P. 091108;091108;PA;active;PA091108
VERAGUAS, SONA, C.P. 091107;091107;PA;active;PA091107
VERAGUAS, SONA, C.P. 091106;091106;PA;active;PA091106
VERAGUAS, SONA, C.P. 091105;091105;PA;active;PA091105
VERAGUAS, SONA, C.P. 091104;091104;PA;active;PA091104
VERAGUAS, SONA, C.P. 091103;091103;PA;active;PA091103
VERAGUAS, SONA, C.P. 091102;091102;PA;active;PA091102
VERAGUAS, SONA, C.P. 091101;091101;PA;active;PA091101
VERAGUAS, SANTIAGO, C.P. 091011;091011;PA;active;PA091011
VERAGUAS, SANTIAGO, C.P. 091008;091008;PA;active;PA091008
VERAGUAS, SANTIAGO, C.P. 091007;091007;PA;active;PA091007
VERAGUAS, SANTIAGO, C.P. 091006;091006;PA;active;PA091006
VERAGUAS, SANTIAGO, C.P. 091005;091005;PA;active;PA091005
VERAGUAS, SANTIAGO, C.P. 091004;091004;PA;active;PA091004
VERAGUAS, SANTIAGO, C.P. 091003;091003;PA;active;PA091003
VERAGUAS, SANTIAGO, C.P. 091002;091002;PA;active;PA091002
VERAGUAS, SANTIAGO, C.P. 091001;091001;PA;active;PA091001
VERAGUAS, SANTA FE, C.P. 090907;090907;PA;active;PA090907
VERAGUAS, SANTA FE, C.P. 090906;090906;PA;active;PA090906
VERAGUAS, SANTA FE, C.P. 090905;090905;PA;active;PA090905
VERAGUAS, SANTA FE, C.P. 090904;090904;PA;active;PA090904
VERAGUAS, SANTA FE, C.P. 090903;090903;PA;active;PA090903
VERAGUAS, SANTA FE, C.P. 090902;090902;PA;active;PA090902
VERAGUAS, SANTA FE, C.P. 090901;090901;PA;active;PA090901
VERAGUAS, SAN FRANCISCO, C.P. 090805;090805;PA;active;PA090805
VERAGUAS, SAN FRANCISCO, C.P. 090804;090804;PA;active;PA090804
VERAGUAS, SAN FRANCISCO, C.P. 090803;090803;PA;active;PA090803
VERAGUAS, SAN FRANCISCO, C.P. 090802;090802;PA;active;PA090802
VERAGUAS, SAN FRANCISCO, C.P. 090801;090801;PA;active;PA090801
VERAGUAS, RIO DE JESUS, C.P. 090705;090705;PA;active;PA090705
VERAGUAS, RIO DE JESUS, C.P. 090704;090704;PA;active;PA090704
VERAGUAS, RIO DE JESUS, C.P. 090703;090703;PA;active;PA090703
VERAGUAS, RIO DE JESUS, C.P. 090702;090702;PA;active;PA090702
VERAGUAS, RIO DE JESUS, C.P. 090701;090701;PA;active;PA090701
VERAGUAS, MONTIJO, C.P. 090609;090609;PA;active;PA090609
VERAGUAS, MONTIJO, C.P. 090608;090608;PA;active;PA090608
VERAGUAS, MONTIJO, C.P. 090607;090607;PA;active;PA090607
VERAGUAS, MONTIJO, C.P. 090606;090606;PA;active;PA090606
VERAGUAS, MONTIJO, C.P. 090605;090605;PA;active;PA090605
VERAGUAS, MONTIJO, C.P. 090604;090604;PA;active;PA090604
VERAGUAS, MONTIJO, C.P. 090603;090603;PA;active;PA090603
VERAGUAS, MONTIJO, C.P. 090602;090602;PA;active;PA090602
VERAGUAS, MONTIJO, C.P. 090601;090601;PA;active;PA090601
VERAGUAS, LAS PALMAS, C.P. 090512;090512;PA;active;PA090512
VERAGUAS, LAS PALMAS, C.P. 090511;090511;PA;active;PA090511
VERAGUAS, LAS PALMAS, C.P. 090510;090510;PA;active;PA090510
VERAGUAS, LAS PALMAS, C.P. 090509;090509;PA;active;PA090509
VERAGUAS, LAS PALMAS, C.P. 090508;090508;PA;active;PA090508
VERAGUAS, LAS PALMAS, C.P. 090507;090507;PA;active;PA090507
VERAGUAS, LAS PALMAS, C.P. 090506;090506;PA;active;PA090506
VERAGUAS, LAS PALMAS, C.P. 090505;090505;PA;active;PA090505
VERAGUAS, LAS PALMAS, C.P. 090504;090504;PA;active;PA090504
VERAGUAS, LAS PALMAS, C.P. 090503;090503;PA;active;PA090503
VERAGUAS, LAS PALMAS, C.P. 090502;090502;PA;active;PA090502
VERAGUAS, LAS PALMAS, C.P. 090501;090501;PA;active;PA090501
VERAGUAS, LA MESA, C.P. 090405;090405;PA;active;PA090405
VERAGUAS, LA MESA, C.P. 090404;090404;PA;active;PA090404
VERAGUAS, LA MESA, C.P. 090403;090403;PA;active;PA090403
VERAGUAS, LA MESA, C.P. 090402;090402;PA;active;PA090402
VERAGUAS, LA MESA, C.P. 090401;090401;PA;active;PA090401
VERAGUAS, CAÑAZAS, C.P. 090306;090306;PA;active;PA090306
VERAGUAS, CAÑAZAS, C.P. 090305;090305;PA;active;PA090305
VERAGUAS, CAÑAZAS, C.P. 090304;090304;PA;active;PA090304
VERAGUAS, CAÑAZAS, C.P. 090302;090302;PA;active;PA090302
VERAGUAS, CALOBRE, C.P. 090212;090212;PA;active;PA090212
VERAGUAS, CALOBRE, C.P. 090211;090211;PA;active;PA090211
VERAGUAS, CALOBRE, C.P. 090210;090210;PA;active;PA090210
VERAGUAS, CALOBRE, C.P. 090209;090209;PA;active;PA090209
VERAGUAS, CALOBRE, C.P. 090208;090208;PA;active;PA090208
VERAGUAS, CALOBRE, C.P. 090207;090207;PA;active;PA090207
VERAGUAS, CALOBRE, C.P. 090206;090206;PA;active;PA090206
VERAGUAS, CALOBRE, C.P. 090205;090205;PA;active;PA090205
VERAGUAS, CALOBRE, C.P. 090204;090204;PA;active;PA090204
VERAGUAS, CALOBRE, C.P. 090203;090203;PA;active;PA090203
VERAGUAS, CALOBRE, C.P. 090202;090202;PA;active;PA090202
VERAGUAS, CALOBRE, C.P. 090201;090201;PA;active;PA090201
VERAGUAS, ATALAYA, C.P. 090104;090104;PA;active;PA090104
VERAGUAS, ATALAYA, C.P. 090103;090103;PA;active;PA090103
VERAGUAS, ATALAYA, C.P. 090102;090102;PA;active;PA090102
VERAGUAS, ATALAYA, C.P. 090101;090101;PA;active;PA090101
PANAMA, TABOGA, C.P. 081103;081103;PA;active;PA081103
PANAMA, TABOGA, C.P. 081102;081102;PA;active;PA081102
PANAMA, TABOGA, C.P. 081101;081101;PA;active;PA081101
PANAMA, SAN MIGUELITO, C.P. 081009;081009;PA;active;PA081009
PANAMA, SAN MIGUELITO, C.P. 081008;081008;PA;active;PA081008
PANAMA, SAN MIGUELITO, C.P. 081007;081007;PA;active;PA081007
PANAMA, SAN MIGUELITO, C.P. 081006;081006;PA;active;PA081006
PANAMA, PANAMA, C.P. 081005;081005;PA;active;PA081005
PANAMA, SAN MIGUELITO, C.P. 081004;081004;PA;active;PA081004
PANAMA, SAN MIGUELITO, C.P. 081003;081003;PA;active;PA081003
PANAMA, SAN MIGUELITO, C.P. 081002;081002;PA;active;PA081002
PANAMA, SAN MIGUELITO, C.P. 081001;081001;PA;active;PA081001
PANAMA, SAN CARLOS, C.P. 080909;080909;PA;active;PA080909
PANAMA, SAN CARLOS, C.P. 080908;080908;PA;active;PA080908
PANAMA, SAN CARLOS, C.P. 080907;080907;PA;active;PA080907
PANAMA, SAN CARLOS, C.P. 080906;080906;PA;active;PA080906
PANAMA, SAN CARLOS, C.P. 080905;080905;PA;active;PA080905
PANAMA, SAN CARLOS, C.P. 080904;080904;PA;active;PA080904
PANAMA, SAN CARLOS, C.P. 080903;080903;PA;active;PA080903
PANAMA, SAN CARLOS, C.P. 080902;080902;PA;active;PA080902
PANAMA, SAN CARLOS, C.P. 080901;080901;PA;active;PA080901
PANAMA, PANAMA, C.P. 080821;080821;PA;active;PA080821
PANAMA, PANAMA, C.P. 080820;080820;PA;active;PA080820
PANAMA, PANAMA, C.P. 080819;080819;PA;active;PA080819
PANAMA, PANAMA, C.P. 080818;080818;PA;active;PA080818
PANAMA, PANAMA, C.P. 080817;080817;PA;active;PA080817
PANAMA, PANAMA, C.P. 080816;080816;PA;active;PA080816
PANAMA, PANAMA, C.P. 080815;080815;PA;active;PA080815
PANAMA, PANAMA, C.P. 080814;080814;PA;active;PA080814
PANAMA, PANAMA, C.P. 080813;080813;PA;active;PA080813
PANAMA, PANAMA, C.P. 080812;080812;PA;active;PA080812
PANAMA, PANAMA, C.P. 080811;080811;PA;active;PA080811
PANAMA, PANAMA, C.P. 080810;080810;PA;active;PA080810
PANAMA, PANAMA, C.P. 080809;080809;PA;active;PA080809
PANAMA, PANAMA, C.P. 080808;080808;PA;active;PA080808
PANAMA, PANAMA, C.P. 080807;080807;PA;active;PA080807
PANAMA, PANAMA, C.P. 080806;080806;PA;active;PA080806
PANAMA, PANAMA, C.P. 080805;080805;PA;active;PA080805
PANAMA, PANAMA, C.P. 080804;080804;PA;active;PA080804
PANAMA, PANAMA, C.P. 080803;080803;PA;active;PA080803
PANAMA, PANAMA, C.P. 080802;080802;PA;active;PA080802
PANAMA, PANAMA, C.P. 080801;080801;PA;active;PA080801
PANAMA, LA CHORRERA, C.P. 080717;080717;PA;active;PA080717
PANAMA, LA CHORRERA, C.P. 080715;080715;PA;active;PA080715
PANAMA, LA CHORRERA, C.P. 080714;080714;PA;active;PA080714
PANAMA, LA CHORRERA, C.P. 080713;080713;PA;active;PA080713
PANAMA, LA CHORRERA, C.P. 080712;080712;PA;active;PA080712
PANAMA, LA CHORRERA, C.P. 080710;080710;PA;active;PA080710
PANAMA, LA CHORRERA, C.P. 080708;080708;PA;active;PA080708
PANAMA, LA CHORRERA, C.P. 080706;080706;PA;active;PA080706
PANAMA, LA CHORRERA, C.P. 080705;080705;PA;active;PA080705
PANAMA, LA CHORRERA, C.P. 080704;080704;PA;active;PA080704
PANAMA, LA CHORRERA, C.P. 080702;080702;PA;active;PA080702
PANAMA, LA CHORRERA, C.P. 080701;080701;PA;active;PA080701
PANAMA, CHIMAN, C.P. 080605;080605;PA;active;PA080605
PANAMA, CHIMAN, C.P. 080604;080604;PA;active;PA080604
PANAMA, CHIMAN, C.P. 080603;080603;PA;active;PA080603
PANAMA, CHIMAN, C.P. 080602;080602;PA;active;PA080602
PANAMA, CHIMAN, C.P. 080601;080601;PA;active;PA080601
PANAMA, CHEPO, C.P. 080508;080508;PA;active;PA080508
PANAMA, CHEPO, C.P. 080507;080507;PA;active;PA080507
PANAMA, CHEPO, C.P. 080506;080506;PA;active;PA080506
PANAMA, CHEPO, C.P. 080505;080505;PA;active;PA080505
PANAMA, CHEPO, C.P. 080504;080504;PA;active;PA080504
PANAMA, CHEPO, C.P. 080503;080503;PA;active;PA080503
PANAMA, CHEPO, C.P. 080502;080502;PA;active;PA080502
PANAMA, CHEPO, C.P. 080501;080501;PA;active;PA080501
PANAMA, CHAME, C.P. 080411;080411;PA;active;PA080411
PANAMA, CHAME, C.P. 080410;080410;PA;active;PA080410
PANAMA, CHAME, C.P. 080409;080409;PA;active;PA080409
PANAMA, CHAME, C.P. 080408;080408;PA;active;PA080408
PANAMA, CHAME, C.P. 080407;080407;PA;active;PA080407
PANAMA, CHAME, C.P. 080406;080406;PA;active;PA080406
PANAMA, CHAME, C.P. 080405;080405;PA;active;PA080405
PANAMA, CHAME, C.P. 080404;080404;PA;active;PA080404
PANAMA, CHAME, C.P. 080403;080403;PA;active;PA080403
PANAMA, CHAME, C.P. 080402;080402;PA;active;PA080402
PANAMA, CHAME, C.P. 080401;080401;PA;active;PA080401
PANAMA, CAPIRA, C.P. 080313;080313;PA;active;PA080313
PANAMA, CAPIRA, C.P. 080312;080312;PA;active;PA080312
PANAMA, CAPIRA, C.P. 080311;080311;PA;active;PA080311
PANAMA, CAPIRA, C.P. 080310;080310;PA;active;PA080310
PANAMA, CAPIRA, C.P. 080309;080309;PA;active;PA080309
PANAMA, CAPIRA, C.P. 080308;080308;PA;active;PA080308
PANAMA, CAPIRA, C.P. 080307;080307;PA;active;PA080307
PANAMA, CAPIRA, C.P. 080306;080306;PA;active;PA080306
PANAMA, CAPIRA, C.P. 080305;080305;PA;active;PA080305
PANAMA, CAPIRA, C.P. 080304;080304;PA;active;PA080304
PANAMA, CAPIRA, C.P. 080303;080303;PA;active;PA080303
PANAMA, CAPIRA, C.P. 080302;080302;PA;active;PA080302
PANAMA, CAPIRA, C.P. 080301;080301;PA;active;PA080301
PANAMA, BALBOA, C.P. 080206;080206;PA;active;PA080206
PANAMA, BALBOA, C.P. 080205;080205;PA;active;PA080205
PANAMA, BALBOA, C.P. 080204;080204;PA;active;PA080204
PANAMA, BALBOA, C.P. 080203;080203;PA;active;PA080203
PANAMA, BALBOA, C.P. 080202;080202;PA;active;PA080202
PANAMA, BALBOA, C.P. 080201;080201;PA;active;PA080201
PANAMA, ARRAIJAN, C.P. 080108;080108;PA;active;PA080108
PANAMA, ARRAIJAN, C.P. 080107;080107;PA;active;PA080107
PANAMA, ARRAIJAN, C.P. 080106;080106;PA;active;PA080106
PANAMA, ARRAIJAN, C.P. 080105;080105;PA;active;PA080105
PANAMA, ARRAIJAN, C.P. 080104;080104;PA;active;PA080104
PANAMA, ARRAIJAN, C.P. 080103;080103;PA;active;PA080103
PANAMA, ARRAIJAN, C.P. 080102;080102;PA;active;PA080102
PANAMA, ARRAIJAN, C.P. 080101;080101;PA;active;PA080101
LOS SANTOS, TONOSI, C.P. 070710;070710;PA;active;PA070710
LOS SANTOS, TONOSI, C.P. 070709;070709;PA;active;PA070709
LOS SANTOS, TONOSI, C.P. 070708;070708;PA;active;PA070708
LOS SANTOS, TONOSI, C.P. 070707;070707;PA;active;PA070707
LOS SANTOS, TONOSI, C.P. 070706;070706;PA;active;PA070706
LOS SANTOS, TONOSI, C.P. 070705;070705;PA;active;PA070705
LOS SANTOS, TONOSI, C.P. 070704;070704;PA;active;PA070704
LOS SANTOS, TONOSI, C.P. 070703;070703;PA;active;PA070703
LOS SANTOS, TONOSI, C.P. 070702;070702;PA;active;PA070702
LOS SANTOS, TONOSI, C.P. 070701;070701;PA;active;PA070701
LOS SANTOS, POCRI, C.P. 070605;070605;PA;active;PA070605
LOS SANTOS, POCRI, C.P. 070604;070604;PA;active;PA070604
LOS SANTOS, POCRI, C.P. 070603;070603;PA;active;PA070603
LOS SANTOS, POCRI, C.P. 070602;070602;PA;active;PA070602
LOS SANTOS, POCRI, C.P. 070601;070601;PA;active;PA070601
LOS SANTOS, PEDASI, C.P. 070505;070505;PA;active;PA070505
LOS SANTOS, PEDASI, C.P. 070504;070504;PA;active;PA070504
LOS SANTOS, PEDASI, C.P. 070503;070503;PA;active;PA070503
LOS SANTOS, PEDASI, C.P. 070502;070502;PA;active;PA070502
LOS SANTOS, PEDASI, C.P. 070501;070501;PA;active;PA070501
LOS SANTOS, MACARACAS, C.P. 070411;070411;PA;active;PA070411
LOS SANTOS, MACARACAS, C.P. 070410;070410;PA;active;PA070410
LOS SANTOS, MACARACAS, C.P. 070409;070409;PA;active;PA070409
LOS SANTOS, MACARACAS, C.P. 070408;070408;PA;active;PA070408
LOS SANTOS, MACARACAS, C.P. 070407;070407;PA;active;PA070407
LOS SANTOS, MACARACAS, C.P. 070406;070406;PA;active;PA070406
LOS SANTOS, MACARACAS, C.P. 070405;070405;PA;active;PA070405
LOS SANTOS, MACARACAS, C.P. 070404;070404;PA;active;PA070404
LOS SANTOS, MACARACAS, C.P. 070403;070403;PA;active;PA070403
LOS SANTOS, MACARACAS, C.P. 070402;070402;PA;active;PA070402
LOS SANTOS, MACARACAS, C.P. 070401;070401;PA;active;PA070401
LOS SANTOS, LOS SANTOS, C.P. 070314;070314;PA;active;PA070314
LOS SANTOS, LOS SANTOS, C.P. 070312;070312;PA;active;PA070312
LOS SANTOS, LOS SANTOS, C.P. 070311;070311;PA;active;PA070311
LOS SANTOS, LOS SANTOS, C.P. 070310;070310;PA;active;PA070310
LOS SANTOS, LOS SANTOS, C.P. 070309;070309;PA;active;PA070309
LOS SANTOS, LOS SANTOS, C.P. 070308;070308;PA;active;PA070308
LOS SANTOS, LOS SANTOS, C.P. 070307;070307;PA;active;PA070307
LOS SANTOS, LOS SANTOS, C.P. 070306;070306;PA;active;PA070306
LOS SANTOS, LOS SANTOS, C.P. 070305;070305;PA;active;PA070305
LOS SANTOS, LOS SANTOS, C.P. 070304;070304;PA;active;PA070304
LOS SANTOS, LOS SANTOS, C.P. 070303;070303;PA;active;PA070303
LOS SANTOS, LOS SANTOS, C.P. 070302;070302;PA;active;PA070302
LOS SANTOS, LOS SANTOS, C.P. 070301;070301;PA;active;PA070301
LOS SANTOS, LAS TABLAS, C.P. 070224;070224;PA;active;PA070224
LOS SANTOS, LAS TABLAS, C.P. 070223;070223;PA;active;PA070223
LOS SANTOS, LAS TABLAS, C.P. 070222;070222;PA;active;PA070222
LOS SANTOS, LAS TABLAS, C.P. 070221;070221;PA;active;PA070221
LOS SANTOS, LAS TABLAS, C.P. 070220;070220;PA;active;PA070220
LOS SANTOS, LAS TABLAS, C.P. 070218;070218;PA;active;PA070218
LOS SANTOS, LAS TABLAS, C.P. 070217;070217;PA;active;PA070217
LOS SANTOS, LAS TABLAS, C.P. 070216;070216;PA;active;PA070216
LOS SANTOS, LAS TABLAS, C.P. 070215;070215;PA;active;PA070215
LOS SANTOS, LAS TABLAS, C.P. 070214;070214;PA;active;PA070214
LOS SANTOS, LAS TABLAS, C.P. 070213;070213;PA;active;PA070213
LOS SANTOS, LAS TABLAS, C.P. 070212;070212;PA;active;PA070212
LOS SANTOS, LAS TABLAS, C.P. 070209;070209;PA;active;PA070209
LOS SANTOS, LAS TABLAS, C.P. 070208;070208;PA;active;PA070208
LOS SANTOS, LAS TABLAS, C.P. 070207;070207;PA;active;PA070207
LOS SANTOS, LAS TABLAS, C.P. 070205;070205;PA;active;PA070205
LOS SANTOS, LAS TABLAS, C.P. 070204;070204;PA;active;PA070204
LOS SANTOS, LAS TABLAS, C.P. 070203;070203;PA;active;PA070203
LOS SANTOS, LAS TABLAS, C.P. 070202;070202;PA;active;PA070202
LOS SANTOS, LAS TABLAS, C.P. 070201;070201;PA;active;PA070201
LOS SANTOS, GUARARE, C.P. 070110;070110;PA;active;PA070110
LOS SANTOS, GUARARE, C.P. 070109;070109;PA;active;PA070109
LOS SANTOS, GUARARE, C.P. 070107;070107;PA;active;PA070107
LOS SANTOS, GUARARE, C.P. 070105;070105;PA;active;PA070105
LOS SANTOS, GUARARE, C.P. 070104;070104;PA;active;PA070104
LOS SANTOS, GUARARE, C.P. 070103;070103;PA;active;PA070103
LOS SANTOS, GUARARE, C.P. 070102;070102;PA;active;PA070102
LOS SANTOS, GUARARE, C.P. 070101;070101;PA;active;PA070101
HERRERA, SANTA MARIA, C.P. 060705;060705;PA;active;PA060705
HERRERA, SANTA MARIA, C.P. 060704;060704;PA;active;PA060704
HERRERA, SANTA MARIA, C.P. 060703;060703;PA;active;PA060703
HERRERA, SANTA MARIA, C.P. 060702;060702;PA;active;PA060702
HERRERA, SANTA MARIA, C.P. 060701;060701;PA;active;PA060701
HERRERA, PESE, C.P. 060608;060608;PA;active;PA060608
HERRERA, PESE, C.P. 060607;060607;PA;active;PA060607
HERRERA, PESE, C.P. 060606;060606;PA;active;PA060606
HERRERA, PESE, C.P. 060605;060605;PA;active;PA060605
HERRERA, PESE, C.P. 060604;060604;PA;active;PA060604
HERRERA, PESE, C.P. 060603;060603;PA;active;PA060603
HERRERA, PESE, C.P. 060602;060602;PA;active;PA060602
HERRERA, PESE, C.P. 060601;060601;PA;active;PA060601
HERRERA, PARITA, C.P. 060507;060507;PA;active;PA060507
HERRERA, PARITA, C.P. 060506;060506;PA;active;PA060506
HERRERA, PARITA, C.P. 060505;060505;PA;active;PA060505
HERRERA, PARITA, C.P. 060504;060504;PA;active;PA060504
HERRERA, PARITA, C.P. 060503;060503;PA;active;PA060503
HERRERA, PARITA, C.P. 060502;060502;PA;active;PA060502
HERRERA, PARITA, C.P. 060501;060501;PA;active;PA060501
HERRERA, OCU, C.P. 060406;060406;PA;active;PA060406
HERRERA, OCU, C.P. 060405;060405;PA;active;PA060405
HERRERA, OCU, C.P. 060404;060404;PA;active;PA060404
HERRERA, OCU, C.P. 060403;060403;PA;active;PA060403
HERRERA, OCU, C.P. 060402;060402;PA;active;PA060402
HERRERA, OCU, C.P. 060401;060401;PA;active;PA060401
HERRERA, LOS POZOS, C.P. 060308;060308;PA;active;PA060308
HERRERA, LOS POZOS, C.P. 060307;060307;PA;active;PA060307
HERRERA, LOS POZOS, C.P. 060306;060306;PA;active;PA060306
HERRERA, LOS POZOS, C.P. 060305;060305;PA;active;PA060305
HERRERA, LOS POZOS, C.P. 060304;060304;PA;active;PA060304
HERRERA, LOS POZOS, C.P. 060303;060303;PA;active;PA060303
HERRERA, LOS POZOS, C.P. 060302;060302;PA;active;PA060302
HERRERA, LOS POZOS, C.P. 060301;060301;PA;active;PA060301
HERRERA, LAS MINAS, C.P. 060206;060206;PA;active;PA060206
HERRERA, LAS MINAS, C.P. 060205;060205;PA;active;PA060205
HERRERA, LAS MINAS, C.P. 060204;060204;PA;active;PA060204
HERRERA, LAS MINAS, C.P. 060203;060203;PA;active;PA060203
HERRERA, LAS MINAS, C.P. 060202;060202;PA;active;PA060202
HERRERA, LAS MINAS, C.P. 060201;060201;PA;active;PA060201
HERRERA, CHITRE, C.P. 060106;060106;PA;active;PA060106
HERRERA, CHITRE, C.P. 060105;060105;PA;active;PA060105
HERRERA, CHITRE, C.P. 060104;060104;PA;active;PA060104
HERRERA, CHITRE, C.P. 060103;060103;PA;active;PA060103
HERRERA, CHITRE, C.P. 060102;060102;PA;active;PA060102
HERRERA, CHITRE, C.P. 060101;060101;PA;active;PA060101
DARIEN, PINOGANA, C.P. 050209;050209;PA;active;PA050209
DARIEN, PINOGANA, C.P. 050207;050207;PA;active;PA050207
DARIEN, PINOGANA, C.P. 050206;050206;PA;active;PA050206
DARIEN, PINOGANA, C.P. 050205;050205;PA;active;PA050205
DARIEN, PINOGANA, C.P. 050204;050204;PA;active;PA050204
DARIEN, PINOGANA, C.P. 050203;050203;PA;active;PA050203
DARIEN, PINOGANA, C.P. 050202;050202;PA;active;PA050202
DARIEN, PINOGANA, C.P. 050201;050201;PA;active;PA050201
DARIEN, CHEPIGANA, C.P. 050115;050115;PA;active;PA050115
DARIEN, CHEPIGANA, C.P. 050114;050114;PA;active;PA050114
DARIEN, CHEPIGANA, C.P. 050113;050113;PA;active;PA050113
DARIEN, CHEPIGANA, C.P. 050112;050112;PA;active;PA050112
DARIEN, CHEPIGANA, C.P. 050111;050111;PA;active;PA050111
DARIEN, CHEPIGANA, C.P. 050110;050110;PA;active;PA050110
DARIEN, CHEPIGANA, C.P. 050109;050109;PA;active;PA050109
DARIEN, CHEPIGANA, C.P. 050108;050108;PA;active;PA050108
DARIEN, CHEPIGANA, C.P. 050107;050107;PA;active;PA050107
DARIEN, CHEPIGANA, C.P. 050106;050106;PA;active;PA050106
DARIEN, CHEPIGANA, C.P. 050105;050105;PA;active;PA050105
DARIEN, CHEPIGANA, C.P. 050104;050104;PA;active;PA050104
DARIEN, CHEPIGANA, C.P. 050103;050103;PA;active;PA050103
DARIEN, CHEPIGANA, C.P. 050102;050102;PA;active;PA050102
DARIEN, CHEPIGANA, C.P. 050101;050101;PA;active;PA050101
CHIRIQUI, TOLE, C.P. 041309;041309;PA;active;PA041309
CHIRIQUI, TOLE, C.P. 041308;041308;PA;active;PA041308
CHIRIQUI, TOLE, C.P. 041307;041307;PA;active;PA041307
CHIRIQUI, TOLE, C.P. 041306;041306;PA;active;PA041306
CHIRIQUI, TOLE, C.P. 041305;041305;PA;active;PA041305
CHIRIQUI, TOLE, C.P. 041304;041304;PA;active;PA041304
CHIRIQUI, TOLE, C.P. 041303;041303;PA;active;PA041303
CHIRIQUI, TOLE, C.P. 041302;041302;PA;active;PA041302
CHIRIQUI, TOLE, C.P. 041301;041301;PA;active;PA041301
CHIRIQUI, SAN LORENZO, C.P. 041205;041205;PA;active;PA041205
CHIRIQUI, SAN LORENZO, C.P. 041204;041204;PA;active;PA041204
CHIRIQUI, SAN LORENZO, C.P. 041203;041203;PA;active;PA041203
CHIRIQUI, SAN LORENZO, C.P. 041202;041202;PA;active;PA041202
CHIRIQUI, SAN LORENZO, C.P. 041201;041201;PA;active;PA041201
CHIRIQUI, SAN FELIX, C.P. 041105;041105;PA;active;PA041105
CHIRIQUI, SAN FELIX, C.P. 041104;041104;PA;active;PA041104
CHIRIQUI, REMEDIOS, C.P. 041103;041103;PA;active;PA041103
CHIRIQUI, SAN FELIX, C.P. 041102;041102;PA;active;PA041102
CHIRIQUI, SAN FELIX, C.P. 041101;041101;PA;active;PA041101
CHIRIQUI, RENACIMIENTO, C.P. 041008;041008;PA;active;PA041008
CHIRIQUI, RENACIMIENTO, C.P. 041007;041007;PA;active;PA041007
CHIRIQUI, RENACIMIENTO, C.P. 041006;041006;PA;active;PA041006
CHIRIQUI, RENACIMIENTO, C.P. 041005;041005;PA;active;PA041005
CHIRIQUI, RENACIMIENTO, C.P. 041004;041004;PA;active;PA041004
CHIRIQUI, RENACIMIENTO, C.P. 041003;041003;PA;active;PA041003
CHIRIQUI, RENACIMIENTO, C.P. 041002;041002;PA;active;PA041002
CHIRIQUI, RENACIMIENTO, C.P. 041001;041001;PA;active;PA041001
CHIRIQUI, REMEDIOS, C.P. 040905;040905;PA;active;PA040905
CHIRIQUI, REMEDIOS, C.P. 040904;040904;PA;active;PA040904
CHIRIQUI, REMEDIOS, C.P. 040903;040903;PA;active;PA040903
CHIRIQUI, REMEDIOS, C.P. 040901;040901;PA;active;PA040901
CHIRIQUI, GUALACA, C.P. 040805;040805;PA;active;PA040805
CHIRIQUI, GUALACA, C.P. 040804;040804;PA;active;PA040804
CHIRIQUI, GUALACA, C.P. 040803;040803;PA;active;PA040803
CHIRIQUI, GUALACA, C.P. 040802;040802;PA;active;PA040802
CHIRIQUI, GUALACA, C.P. 040801;040801;PA;active;PA040801
CHIRIQUI, DOLEGA, C.P. 040707;040707;PA;active;PA040707
CHIRIQUI, BOQUERON, C.P. 040706;040706;PA;active;PA040706
CHIRIQUI, DOLEGA, C.P. 040705;040705;PA;active;PA040705
CHIRIQUI, DOLEGA, C.P. 040704;040704;PA;active;PA040704
CHIRIQUI, DOLEGA, C.P. 040703;040703;PA;active;PA040703
CHIRIQUI, DOLEGA, C.P. 040702;040702;PA;active;PA040702
CHIRIQUI, DOLEGA, C.P. 040701;040701;PA;active;PA040701
CHIRIQUI, DAVID, C.P. 040609;040609;PA;active;PA040609
CHIRIQUI, DAVID, C.P. 040608;040608;PA;active;PA040608
CHIRIQUI, DAVID, C.P. 040607;040607;PA;active;PA040607
CHIRIQUI, DAVID, C.P. 040606;040606;PA;active;PA040606
CHIRIQUI, DAVID, C.P. 040605;040605;PA;active;PA040605
CHIRIQUI, DAVID, C.P. 040604;040604;PA;active;PA040604
CHIRIQUI, DAVID, C.P. 040603;040603;PA;active;PA040603
CHIRIQUI, DAVID, C.P. 040602;040602;PA;active;PA040602
CHIRIQUI, DAVID, C.P. 040601;040601;PA;active;PA040601
CHIRIQUI, BUGABA, C.P. 040513;040513;PA;active;PA040513
CHIRIQUI, BUGABA, C.P. 040512;040512;PA;active;PA040512
CHIRIQUI, BUGABA, C.P. 040511;040511;PA;active;PA040511
CHIRIQUI, BUGABA, C.P. 040510;040510;PA;active;PA040510
CHIRIQUI, BUGABA, C.P. 040509;040509;PA;active;PA040509
CHIRIQUI, BUGABA, C.P. 040508;040508;PA;active;PA040508
CHIRIQUI, BUGABA, C.P. 040507;040507;PA;active;PA040507
CHIRIQUI, BUGABA, C.P. 040505;040505;PA;active;PA040505
CHIRIQUI, BUGABA, C.P. 040504;040504;PA;active;PA040504
CHIRIQUI, BUGABA, C.P. 040503;040503;PA;active;PA040503
CHIRIQUI, BUGABA, C.P. 040502;040502;PA;active;PA040502
CHIRIQUI, BUGABA, C.P. 040501;040501;PA;active;PA040501
CHIRIQUI, BOQUETE, C.P. 040405;040405;PA;active;PA040405
CHIRIQUI, BOQUETE, C.P. 040404;040404;PA;active;PA040404
CHIRIQUI, BOQUETE, C.P. 040403;040403;PA;active;PA040403
CHIRIQUI, BOQUETE, C.P. 040402;040402;PA;active;PA040402
CHIRIQUI, BOQUETE, C.P. 040401;040401;PA;active;PA040401
CHIRIQUI, BOQUERON, C.P. 040308;040308;PA;active;PA040308
CHIRIQUI, BOQUERON, C.P. 040307;040307;PA;active;PA040307
CHIRIQUI, BOQUERON, C.P. 040306;040306;PA;active;PA040306
CHIRIQUI, BOQUERON, C.P. 040305;040305;PA;active;PA040305
CHIRIQUI, BOQUERON, C.P. 040304;040304;PA;active;PA040304
CHIRIQUI, BOQUERON, C.P. 040301;040301;PA;active;PA040301
CHIRIQUI, BARU, C.P. 040205;040205;PA;active;PA040205
CHIRIQUI, BARU, C.P. 040204;040204;PA;active;PA040204
CHIRIQUI, BARU, C.P. 040203;040203;PA;active;PA040203
CHIRIQUI, BARU, C.P. 040202;040202;PA;active;PA040202
CHIRIQUI, BARU, C.P. 040201;040201;PA;active;PA040201
CHIRIQUI, ALANJE, C.P. 040110;040110;PA;active;PA040110
CHIRIQUI, ALANJE, C.P. 040108;040108;PA;active;PA040108
CHIRIQUI, ALANJE, C.P. 040107;040107;PA;active;PA040107
CHIRIQUI, ALANJE, C.P. 040106;040106;PA;active;PA040106
CHIRIQUI, BUGABA, C.P. 040105;040105;PA;active;PA040105
CHIRIQUI, ALANJE, C.P. 040104;040104;PA;active;PA040104
CHIRIQUI, ALANJE, C.P. 040103;040103;PA;active;PA040103
CHIRIQUI, ALANJE, C.P. 040102;040102;PA;active;PA040102
CHIRIQUI, ALANJE, C.P. 040101;040101;PA;active;PA040101
COLON, SANTA ISABEL, C.P. 030508;030508;PA;active;PA030508
COLON, SANTA ISABEL, C.P. 030506;030506;PA;active;PA030506
COLON, SANTA ISABEL, C.P. 030505;030505;PA;active;PA030505
COLON, SANTA ISABEL, C.P. 030504;030504;PA;active;PA030504
COLON, SANTA ISABEL, C.P. 030503;030503;PA;active;PA030503
COLON, SANTA ISABEL, C.P. 030502;030502;PA;active;PA030502
COLON, SANTA ISABEL, C.P. 030501;030501;PA;active;PA030501
COLON, PORTOBELO, C.P. 030405;030405;PA;active;PA030405
COLON, PORTOBELO, C.P. 030404;030404;PA;active;PA030404
COLON, PORTOBELO, C.P. 030403;030403;PA;active;PA030403
COLON, PORTOBELO, C.P. 030402;030402;PA;active;PA030402
COLON, PORTOBELO, C.P. 030401;030401;PA;active;PA030401
COLON, DONOSO, C.P. 030306;030306;PA;active;PA030306
COLON, DONOSO, C.P. 030305;030305;PA;active;PA030305
COLON, DONOSO, C.P. 030304;030304;PA;active;PA030304
COLON, DONOSO, C.P. 030303;030303;PA;active;PA030303
COLON, DONOSO, C.P. 030302;030302;PA;active;PA030302
COLON, DONOSO, C.P. 030301;030301;PA;active;PA030301
COLON, CHAGRES, C.P. 030207;030207;PA;active;PA030207
COLON, CHAGRES, C.P. 030205;030205;PA;active;PA030205
COLON, CHAGRES, C.P. 030204;030204;PA;active;PA030204
COLON, CHAGRES, C.P. 030203;030203;PA;active;PA030203
COLON, CHAGRES, C.P. 030202;030202;PA;active;PA030202
COLON, CHAGRES, C.P. 030201;030201;PA;active;PA030201
COLON, COLON, C.P. 030114;030114;PA;active;PA030114
COLON, COLON, C.P. 030113;030113;PA;active;PA030113
COLON, COLON, C.P. 030112;030112;PA;active;PA030112
COLON, COLON, C.P. 030111;030111;PA;active;PA030111
COLON, COLON, C.P. 030110;030110;PA;active;PA030110
COLON, COLON, C.P. 030109;030109;PA;active;PA030109
COLON, COLON, C.P. 030108;030108;PA;active;PA030108
COLON, COLON, C.P. 030107;030107;PA;active;PA030107
COLON, COLON, C.P. 030106;030106;PA;active;PA030106
COLON, COLON, C.P. 030105;030105;PA;active;PA030105
COLON, COLON, C.P. 030104;030104;PA;active;PA030104
COLON, COLON, C.P. 030103;030103;PA;active;PA030103
COLON, COLON, C.P. 030102;030102;PA;active;PA030102
COLON, COLON, C.P. 030101;030101;PA;active;PA030101
COCLE, PENONOME, C.P. 020610;020610;PA;active;PA020610
COCLE, PENONOME, C.P. 020609;020609;PA;active;PA020609
COCLE, PENONOME, C.P. 020608;020608;PA;active;PA020608
COCLE, PENONOME, C.P. 020607;020607;PA;active;PA020607
COCLE, PENONOME, C.P. 020606;020606;PA;active;PA020606
COCLE, PENONOME, C.P. 020605;020605;PA;active;PA020605
COCLE, PENONOME, C.P. 020604;020604;PA;active;PA020604
COCLE, PENONOME, C.P. 020603;020603;PA;active;PA020603
COCLE, PENONOME, C.P. 020602;020602;PA;active;PA020602
COCLE, PENONOME, C.P. 020601;020601;PA;active;PA020601
COCLE, OLA, C.P. 020505;020505;PA;active;PA020505
COCLE, OLA, C.P. 020504;020504;PA;active;PA020504
COCLE, OLA, C.P. 020503;020503;PA;active;PA020503
COCLE, OLA, C.P. 020502;020502;PA;active;PA020502
COCLE, OLA, C.P. 020501;020501;PA;active;PA020501
COCLE, NATA, C.P. 020406;020406;PA;active;PA020406
COCLE, NATA, C.P. 020405;020405;PA;active;PA020405
COCLE, NATA, C.P. 020404;020404;PA;active;PA020404
COCLE, NATA, C.P. 020403;020403;PA;active;PA020403
COCLE, NATA, C.P. 020402;020402;PA;active;PA020402
COCLE, NATA, C.P. 020401;020401;PA;active;PA020401
COCLE, LA PINTADA, C.P. 020305;020305;PA;active;PA020305
COCLE, LA PINTADA, C.P. 020304;020304;PA;active;PA020304
COCLE, LA PINTADA, C.P. 020303;020303;PA;active;PA020303
COCLE, LA PINTADA, C.P. 020302;020302;PA;active;PA020302
COCLE, LA PINTADA, C.P. 020301;020301;PA;active;PA020301
COCLE, ANTON, C.P. 020210;020210;PA;active;PA020210
COCLE, ANTON, C.P. 020209;020209;PA;active;PA020209
COCLE, ANTON, C.P. 020208;020208;PA;active;PA020208
COCLE, ANTON, C.P. 020207;020207;PA;active;PA020207
COCLE, ANTON, C.P. 020206;020206;PA;active;PA020206
COCLE, ANTON, C.P. 020205;020205;PA;active;PA020205
COCLE, ANTON, C.P. 020204;020204;PA;active;PA020204
COCLE, ANTON, C.P. 020203;020203;PA;active;PA020203
COCLE, ANTON, C.P. 020202;020202;PA;active;PA020202
COCLE, ANTON, C.P. 020201;020201;PA;active;PA020201
COCLE, AGUADULCE, C.P. 020105;020105;PA;active;PA020105
COCLE, AGUADULCE, C.P. 020104;020104;PA;active;PA020104
COCLE, AGUADULCE, C.P. 020103;020103;PA;active;PA020103
COCLE, AGUADULCE, C.P. 020102;020102;PA;active;PA020102
COCLE, AGUADULCE, C.P. 020101;020101;PA;active;PA020101
BOCAS DEL TORO, CHIRIQUI GRANDE, C.P. 010305;010305;PA;active;PA010305
BOCAS DEL TORO, CHIRIQUI GRANDE, C.P. 010304;010304;PA;active;PA010304
BOCAS DEL TORO, CHIRIQUI GRANDE, C.P. 010303;010303;PA;active;PA010303
BOCAS DEL TORO, CHIRIQUI GRANDE, C.P. 010302;010302;PA;active;PA010302
BOCAS DEL TORO, CHIRIQUI GRANDE, C.P. 010301;010301;PA;active;PA010301
BOCAS DEL TORO, CHANGUINOLA, C.P. 010207;010207;PA;active;PA010207
BOCAS DEL TORO, CHANGUINOLA, C.P. 010206;010206;PA;active;PA010206
BOCAS DEL TORO, CHANGUINOLA, C.P. 010205;010205;PA;active;PA010205
BOCAS DEL TORO, CHANGUINOLA, C.P. 010204;010204;PA;active;PA010204
BOCAS DEL TORO, CHANGUINOLA, C.P. 010203;010203;PA;active;PA010203
BOCAS DEL TORO, CHANGUINOLA, C.P. 010202;010202;PA;active;PA010202
BOCAS DEL TORO, CHANGUINOLA, C.P. 010201;010201;PA;active;PA010201
BOCAS DEL TORO, BOCAS DEL TORO, C.P. 010105;010105;PA;active;PA010105
BOCAS DEL TORO, BOCAS DEL TORO, C.P. 010104;010104;PA;active;PA010104
BOCAS DEL TORO, BOCAS DEL TORO, C.P. 010103;010103;PA;active;PA010103
BOCAS DEL TORO, BOCAS DEL TORO, C.P. 010102;010102;PA;active;PA010102
BOCAS DEL TORO, BOCAS DEL TORO, C.P. 010101;010101;PA;active;PA010101
